feedback_text,source
So there is no way for me to plug it in here in the US unless I go by a converter.,Amazon
Tied to charger for conversations lasting more than 45 minutes.MAJOR PROBLEMS!!,Amazon
I have to jiggle the plug to get it to line up right to get decent volume.,Amazon
"If you have several dozen or several hundred contacts, then imagine the fun of sending each of them one by one.",Amazon
"Needless to say, I wasted my money.",Amazon
What a waste of money and time!.,Amazon
If the two were seperated by a mere 5+ ft I started to notice excessive static and garbled sound from the headset.,Amazon
"The design is very odd, as the ear ""clip"" is not very comfortable at all.",Amazon
I advise EVERYONE DO NOT BE FOOLED!,Amazon
It clicks into place in a way that makes you wonder how long that mechanism would last.,Amazon
"I went on Motorola's website and followed all directions, but could not get it to pair again.",Amazon
The commercials are the most misleading.,Amazon
I bought it for my mother and she had a problem with the battery.,Amazon
I didn't think that the instructions provided were helpful to me.,Amazon
People couldnt hear me talk and I had to pull out the earphone and talk on the phone.,Amazon
Doesn't hold charge.,Amazon
"This is a simple little phone to use, but the breakage is unacceptible.",Amazon
It is unusable in a moving car at freeway speed.,Amazon
I have two more years left in this contract and I hate this phone.,Amazon
You need at least 3 mins to get to your phone book from the time you first turn on the phone.Battery life is short.,Amazon
Poor Talk Time Performance.,Amazon
worthless product.,Amazon
I was not impressed by this product.,Amazon
I only hear garbage for audio.,Amazon
Who in their right mind is gonna buy this battery?.,Amazon
AFTER ARGUING WITH VERIZON REGARDING THE DROPPED CALLS WE RETURNED THE PHONES AFTER TWO DAYS.,Amazon
Disappointed with battery.,Amazon
Not loud enough and doesn't turn on like it should.,Amazon
VERY DISAPPOINTED.,Amazon
The buttons for on and off are bad.,Amazon
Essentially you can forget Microsoft's tech support.,Amazon
Buy a different phone - but not this.,Amazon
You have to hold the phone at a particular angle for the other party to hear you clearly.,Amazon
The one big drawback of the MP3 player is that the buttons on the phone's front cover that let you pause and skip songs lock out after a few seconds.,Amazon
"A week later after I activated it, it suddenly died.",Amazon
Mic Doesn't work.,Amazon
"Even in my BMW 3 series which is fairly quiet, I have trouble hearing what the other person is saying.",Amazon
Do Not Buy for D807...wrongly advertised for D807.,Amazon
I purchased this and within 2 days it was no longer working!!!!!!!!!,Amazon
Not a good bargain.,Amazon
The battery runs down quickly.,Amazon
"This item worked great, but it broke after 6 months of use.",Amazon
The construction of the headsets is poor.,Amazon
"For a product that costs as much as this one does, I expect it to work far better and with greater ease than this thing does.",Amazon
The ear buds only play music in one ear.,Amazon
Dont waste your money...,Amazon
If you plan to use this in a car forget about it.,Amazon
I found this product to be waaay too big.,Amazon
I'm very disappointed with my decision.,Amazon
"Buyer Beware, you could flush money right down the toilet.",Amazon
I received my supposedly new motorola 375 and apparently there was not a match between the phone and the charger.,Amazon
"That's a huge design flaw (unless I'm not using it correctly, which I don't think is the case).",Amazon
"The camera, although rated at an impressive 1.3 megapixels, renders images that fall well below expectations of such a relatively high resolution.",Amazon
I purcashed this for the car charger and it does not work.,Amazon
i got this phone around the end of may and i'm completely unhappy with it.,Amazon
Could not get strong enough signal.,Amazon
Bad Quality.,Amazon
Basically the service was very bad.,Amazon
it did not work in my cell phone plug i am very up set with the charger!.,Amazon
The BT headset was such a disapoinment.,Amazon
Buyer--Be Very Careful!!!!!.,Amazon
The majority of the Logitech earbud headsets failed.,Amazon
In my house I was getting dropped coverage upstairs and no coverage in my basement.,Amazon
What a waste.,Amazon
"During several different 2 minute calls, I experienced 5 drops and it was in an area that had 5 bars.",Amazon
I was not happy with this item.,Amazon
very disappointed.,Amazon
The phone takes FOREVER to charge like 2 to 5 hours literally.,Amazon
What a waste of time!,Amazon
Its reception is very very poor.,Amazon
Items stated as included from the description ARE NOT INCLUDED.,Amazon
"After 3 months, screen just went black all of a sudden.",Amazon
I Was Hoping for More.,Amazon
"Audio Quality is poor, very poor.",Amazon
I've bought $5 wired headphones that sound better than these.,Amazon
"All I can do is whine on the Internet, so here it goes.The more I use the thing the less I like it.",Amazon
This is essentially a communications tool that does not communicate.,Amazon
"I still maintain that monkeys shouldn't make headphones, we just obviously don't share enough DNA to copy the design over to humans.",Amazon
Doesn't work at all.. I bougth it for my L7c and its not working.,Amazon
doesn't last long.,Amazon
One thing I hate is the mode set button at the side.,Amazon
Thank you for wasting my money.,Amazon
How can that be?The audio quality is poor.,Amazon
"I put the latest OS on it (v1.15g), and it now likes to slow to a crawl and lock up every once in a while.",Amazon
It only recognizes the Phone as its storage device.,Amazon
"If you like a loud buzzing to override all your conversations, then this phone is for you!",Amazon
Don't buy this product.,Amazon
I've had this bluetoooth headset for some time now and still not comfortable with the way it fits on the ear.,Amazon
"I have this phone and it is a thorn in my side, I really abhor it.",Amazon
I recently had problems where I could not stay connected for more than 10 minutes before being disconnected.,Amazon
Design Flaw?.,Amazon
Waste of 13 bucks.,Amazon
"But when I check voice mail at night, the keypad backlight turns off a few seconds into the first message, and then I'm lost.",Amazon
The replacement died in a few weeks.,Amazon
I have had problems wit hit dropping signal and more.,Amazon
Not impressed.,Amazon
Bad Choice.,Amazon
The pleather case doesn't fit.,Amazon
"useless phone, simply deaf.",Amazon
It makes very strange ticking noises before it ends the call.,Amazon
Battery lasts only a few hours.,Amazon
We are sending it back.,Amazon
I did not bother contacting the company for few dollar product but I learned the lesson that I should not have bought this form online anyway.,Amazon
"If you hate earbugs, avoid this phone by all means.",Amazon
"I also didn't like the ""on"" button, it felt like it would crack with use.",Amazon
WORST PHONE EVER.,Amazon
Freezes frequently4.,Amazon
It's kind of embarrassing to use because of how it looks and mostly it's embarrassing how child-like the company is.,Amazon
"All in all, I'd expected a better consumer experience from Motorola.",Amazon
There's a horrible tick sound in the background on all my calls that I have never experienced before.,Amazon
I'm a bit disappointed.,Amazon
"I have had this phone for over a year now, and I will tell you, its not that great.",Amazon
I ordered this for sony Ericsson W810i but I think it only worked once (thats when I first used it).,Amazon
The battery is completely useless to me.,Amazon
What a big waste of time.,Amazon
Don't waste your $$$ on this one.,Amazon
Do not make the same mistake as me.,Amazon
Big Disappointment with calendar sync.,Amazon
the phone was unusable and was not new.,Amazon
Worst Customer Service Ever.,Amazon
"No additional ear gels provided, and no instructions whatsoever.",Amazon
It defeats the purpose of a bluetooth headset.,Amazon
Internet is excrutiatingly slow.,Amazon
This product had a strong rubber/petroleum smell that was unbearable after a while and caused me to return it,Amazon
poor quality and service.,Amazon
"The cable looks so thin and flimsy, it is scary.",Amazon
Absolutel junk.,Amazon
THAT one didn't work either.,Amazon
Returned 8 hours later.,Amazon
Don't waste your money!.,Amazon
"Not only will it drain your player, but may also potentially fry it.",Amazon
Unreliable - I'm giving up.,Amazon
Avoid this one if you can.,Amazon
I wasted my little money with this earpiece.,Amazon
"First of all, it doesn't wear well.",Amazon
I wouldn't recommend buying this product.,Amazon
Piece of Junk.,Amazon
Poorly contstruct hinge.,Amazon
Don't buy it.,Amazon
DO NOT PURCHASE THIS PHONE.,Amazon
Customer service was terrible.,Amazon
Battery life still not long enough in Motorola Razor V3i.,Amazon
Sending it back.,Amazon
"As many people complained, I found this headset's microphone was very weak.",Amazon
My 5-year old Nokia 2160 from Tracfone holds the charge a lot better than this.,Amazon
They do not care about the consumer one bit.,Amazon
The instruction manual is lacking.,Amazon
The battery is unreliable as well as the service use antena.,Amazon
It's uncomfortable and the sound quality is quite poor compared with the phone (Razr) or with my previous wired headset (that plugged into an LG).,Amazon
I want my money back.,Amazon
I ordered this product first and was unhappy with it immediately.,Amazon
The Ngage is still lacking in earbuds.,Amazon
"I have 2-3 bars on my cell phone when I am home, but you cant not hear anything.",Amazon
"However-the riingtones are not the best, and neither are the games.",Amazon
The plug did not work very well.,Amazon
AMAZON SUCKS.,Amazon
Rip off---- Over charge shipping.,Amazon
1. long lasting battery (you don't have to recharge it as frequentyly as some of the flip phones)2.,Amazon
Obviously there is a problem with the adhesive.,Amazon
Very disappointing.,Amazon
"It was an inexpensive piece, but I would still have expected better quality.",Amazon
It is practically useless and did not add any kind of boost to my reception after I bought it.,Amazon
Was not happy.,Amazon
A PIECE OF JUNK THAT BROKE AFTER BEING ON MY PHONE FOR 2 DAYS!!!,Amazon
Worst customer service.,Amazon
Reception is terrible and full of static.,Amazon
"I was sitting in my vehicle, with the cradle on my belt, and the headset lost signal.",Amazon
Were JERKS on the phone.,Amazon
Their network coverage in Los Angeles is horrible.,Amazon
Excellent starter wireless headset.,Amazon
"The loudspeaker option is great, the bumpers with the lights is very ... appealing.",Amazon
The only thing that I think could improve is the sound leaks out from the headset.,Amazon
"First off the reception sucks, I have never had more than 2 bars, ever.",Amazon
The phone gets EXTREMELY HOT!,Amazon
"Also, if your phone is dropped, this case is not going to save it, specially when dropped face down.",Amazon
"bad fit, way too big.",Amazon
Waste of money.,Amazon
"I'll be drivng along, and my headset starts ringing for no reason.",Amazon
The worst phone I've ever had.... Only had it for a few months.,Amazon
Not a good item.. It worked for a while then started having problems in my auto reverse tape player.,Amazon
This is so embarassing and also my ears hurt if I try to push the ear plug into my ear.,Amazon
This is a VERY average phone with bad battery life that operates on a weak network.,Amazon
Soyo technology sucks.,Amazon
Same problem as others have mentioned.,Amazon
The worst piece of crap ever along with the Verizon customer service.,Amazon
Poor sound quality.,Amazon
The picture resolution is far below what other comparably-priced phones are offering today.,Amazon
"Using all earpieces, left or right, this thing will not stay on my ear.",Amazon
Still Waiting...... I'm sure this item would work well.. if I ever recieve it!,Amazon
what a disappointment,Amazon
don't waste your money and time.,Amazon
"It's so stupid to have to keep buying new chargers, car chargers, cradles, headphones and car kits every time a new phone comes out.",Amazon
I came over from Verizon because cingulair has nicer cell phones.... the first thing I noticed was the really bad service.,Amazon
I'll be looking for a new earpiece.,Amazon
We received a WHITE colored battery that goes DEAD after a couple hoursTHe original used to last a week - but still lasts longer than thereplacement,Amazon
After a year the battery went completely dead on my headset.,Amazon
This is the first phone I've had that has been so cheaply made.,Amazon
"Att is not clear, sound is very distorted and you have to yell when you talk.",Amazon
The plastic breaks really easy on this clip.,Amazon
Don't make the same mistake I did.,Amazon
Oh and I forgot to also mention the weird color effect it has on your phone.,Amazon
Also the area where my unit broke).- I'm not too fond of the magnetic strap.,Amazon
"Another note about this phone's appearance is that it really looks rather bland, especially in the all black model.",Amazon
Low Quality.,Amazon
Warning - Stay away.,Amazon
I wish I could return the unit and get back my money.,Amazon
I used to talk on it for 1 - 1 1/2 hours and the battery would be literally drained and dying.,Amazon
"If you don't find it, too bad, as again the unit comes with one earpad only.I would not recommend this to anyone.",Amazon
Very Displeased.,Amazon
"I might have gotten a defect, but I would not risk buying it again because of the built quality alone.",Amazon
They made this case too small and is very difficult to install.,Amazon
Does not fit.,Amazon
There's really nothing bad I can say about this headset.,Amazon
I even fully charged it before I went to bed and turned off blue tooth and wi-fi and noticed that it only had 20 % left in the morning.,Amazon
I've also had problems with the phone reading the memory card in which I always turn it on and then off again.,Amazon
Not good when wearing a hat or sunglasses.,Amazon
Horrible phone.,Amazon
BT50 battery junk!.,Amazon
Cant get the software to work with my computer.,Amazon
Disappointed!.,Amazon
poor voice clarity.,Amazon
No buyers remorse on this one!.,Amazon
Very disappointed in AccessoryOne.,Amazon
I find this inexcusable and so will probably be returning this phone and perhaps changing carriers.,Amazon
The update procedure is difficult and cumbersome.,Amazon
Disappointment.. I hate anything that goes in my ear.,Amazon
"Uncomfortable In the Ear, Don't use with LG VX9900 (EnV).",Amazon
The volume switch rocketed out of the unit to a destination unknown.,Amazon
I'd like to return it.,Amazon
"Verizon's bills, however, are difficult to understand even though their pricing plans are simple.",Amazon
A Disappointment.,Amazon
Its not user friendly.,Amazon
Unfortunately the ability to actually know you are receiving a call is a rather important feature and this phone is pitiful in that respect.,Amazon
"Then I exchanged for the same phone, even that had the same problem.",Amazon
This results in the phone being either stuck at max volume or mute.,Amazon
Pretty piece of junk.,Amazon
Plug was the wrong size.,Amazon
Save your money.... I've had this item for 11 months now.,Amazon
Bad Purchase.,Amazon
Defective crap.,Amazon
I would have given no star if I was able.,Amazon
"The sound quality for the device is unacceptable.Unless you are in a really quiet area, you almost hear nothing.",Amazon
I would not recommend this item to anyone.,Amazon
The holster that arrived did not match the photo in the ad.,Amazon
"As an earlier review noted, plug in this charger and nothing happens.",Amazon
You never know if you pushed it hard enough or the right number of times for the function you want or not.,Amazon
I am not impressed with this and i would not recommend this item to anyone.,Amazon
My only complaint is the standard sound volume is a little low even when turned up to 5(of 5),Amazon
REALLY UGLY.,Amazon
"horrible, had to switch 3 times.",Amazon
No real improvement.,Amazon
They refuse to refund or replace.,Amazon
Unfortunately it's easy to accidentally activate them with the gentle-touch buttons if you accidentally touch the phone to your face while listening.,Amazon
So I basically threw my money out the window for nothing.,Amazon
All it took was one drop from about 6 inches above the kitchen counter and it was cracked.I am not impressed and I am not laughing.,Amazon
none of the new ones have ever quite worked properly.,Amazon
I've missed numerous calls because of this reason.,Amazon
"Perhaps my phone is defective, but people cannot hear me when I use this.",Amazon
"sucked, most of the stuff does not work with my phone.",Amazon
Worst software ever used.... If I could give this zero stars I would.,Amazon
Trying to make a call on these is an exercise in frustration.,Amazon
The case is a flimsy piece of plastic and has no front or side protection whatsoever.,Amazon
I give Wirefly 1 star.I will contact Cingular/AT&T; and inform them of this practice.,Amazon
It's AGGRAVATING!,Amazon
"None of it works, just don't buy it.",Amazon
"Muddy, low quality sound, and the casing around the wire's insert was poorly super glued and slid off.",Amazon
Please dont waste your money.,Amazon
"If you are looking for a good quality Motorola Headset keep looking, this isn't it.",Amazon
Yet Plantronincs continues to use the same flawed charger design.,Amazon
Disapointing Results.,Amazon
Cumbersome design.,Amazon
It's A PIECE OF CRAP!,Amazon
"My experience was terrible..... This was my fourth bluetooth headset, and while it was much more comfortable than my last Jabra (which I HATED!!!",Amazon
Worst ever.,Amazon
"I can barely ever hear on it and am constantly saying ""what?""",Amazon
The battery life is highly unacceptable.,Amazon
That company is a joke.,Amazon
Due to this happening on every call I was forced to stop using this headset.,Amazon
"Verizon tech support walked my through a few procedures, none of which worked and I ended up having to do a hard re-set, wiping out all my data.",Amazon
"Voice Quality, Signal Strength, Dropped Calls.",Amazon
"It feels poorly constructed, the menus are difficult to navigate, and the buttons are so recessed that it is difficult to push them.",Amazon
Also difficult to put on.I'd recommend avoiding this product.,Amazon
"I only used it two days, and it wasn't always easy to hear with.",Amazon
I got the car charger and not even after a week the charger was broken...I went to plug it in and it started smoking.,Amazon
Sprint - terrible customer service.,Amazon
"What possesed me to get this junk, I have no idea...",Amazon
Piece of trash.,Amazon
"The real killer is the volume, and of course it breaking.",Amazon
Poor Construction.,Amazon
This is infuriating.,Amazon
Sprint charges for this service.,Amazon
"It is cheap, and it feel and look just as cheap.",Amazon
It doesn't work in Europe or Asia.,Amazon
the worst phone from samsung...crap..... this crappy Samsung E715.. is the worst i have ever seeen.,Amazon
the charger worked for about a week and then completely stopped charging my phone.,Amazon
Poor product.,Amazon
However I needed some better instructions.,Amazon
You need two hands to operate the screen.This software interface is decade old and cannot compete with new software designs.,Amazon
"Steer clear of this product and go with the genuine Palm replacementr pens, which come in a three-pack.",Amazon
DO NOT BUY DO NOT BUYIT SUCKS,Amazon
"Plus, I seriously do not believe it is worth its steep price point.",Amazon
Very Dissapointing Performance.,Amazon
Don't make the same mistake that I did and please don't buy this phone.,Amazon
This phone might well be the worst I've ever had in any brand.,Amazon
Case was more or less an extra that I originally put on but later discarded because it scratched my ear.,Amazon
Don't bother - go to the store.,Amazon
You get what you pay for I guess.,Amazon
"However, BT headsets are currently not good for real time games like first-person shooters since the audio delay messes me up.",Amazon
Disappointing accessory from a good manufacturer.,Amazon
"Performed awful -- muffled, tinny incoming sound and severe echo for those on the other end of the call.",Amazon
"Obviously they have a terrible customer service, so you get what you pay for.",Amazon
"I contacted the company and they told me that, although the unit was still under warranty, if I couldn't produce my receipt I was out of luck.",Amazon
Linksys should have some way to exchange a bad phone for a refurb unit or something!,Amazon
"When I placed my treo into the case, not only was it NOT snug, but there was A LOT of extra room on the sides.",Amazon
Battery is terrible.,Amazon
The earpiece on this is too large or too heavy...it keeps falling out of my ear.,Amazon
Utter crap.. Sound quality is TERRIBLE.,Amazon
"The charger arrived within the promised timeframe, but it did not work.",Amazon
"Finally, after three or four times the spring of the latch broke and I could not use it any longer on the visor.",Amazon
Talk about USELESS customer service.,Amazon
"It felt too light and ""tinny."".",Amazon
This does not fit the Palm Tungsten E2 and it broke the first time I tried to plug it in.,Amazon
I could not recommend these more.,Amazon
"Looks good in the picture, but this case was a huge disappointment!!",Amazon
its extremely slow and takes forever to do anything with it.,Amazon
"A must study for anyone interested in the ""worst sins"" of industrial design.",Amazon
The first thing that happened was that the tracking was off.,Amazon
Then I had to continue pairing it periodically since it somehow kept dropping.,Amazon
Can't upload ringtones from a third party.,Amazon
"Bluetooth does not work, phone locks up, screens just flash up and now it just makes calls randomly while in my pocket locked.",Amazon
Truly awful.,Amazon
And none of the tones is acceptable.,Amazon
camera color balance is AWFUL.,Amazon
"This product is clearly not ready for prime time, I don't care how cool it looks, if you can't tell a call is coming in it's worthless.",Amazon
Chinese Forgeries Abound!.,Amazon
The instructions didn't explain that a microphone jack could be used.,Amazon
i would advise to not purchase this item it never worked very well.,Amazon
Too bad you have to pay up to $$$ a month for the service!,Amazon
The nokia CA-42 USB cable did not work with my phone.,Amazon
"The biggest complaint I have is, the battery drains superfast.",Amazon
The design might be ergonomic in theory but I could not stand having these in my ear.,Amazon
Do NOT buy if you want to use the holster.,Amazon
It doesn't make you look cool.,Amazon
"Also, the phone doesn't seem to accept anything except CBR mp3s, preferably ripped by Windows Media Player.",Amazon
So just beware.,Amazon
So anyone near you will hear part of your conversation.,Amazon
I bought this phone as a replacement for my StarTac and have regretted it since.,Amazon
Can't store anything but phone numbers to SIM.,Amazon
"It lasts less than 3o minutes, if I actually try to use the phone.My wife has the same phone with the same problem.",Amazon
Poor quality.,Amazon
Not worth it.,Amazon
The phone crashed completely and now I have to get it replaced.,Amazon
"Unfortunately it will not recharge my iPhone 4s, despite connecting it from multiple power sources (iMac, external battery, wall outlet, etc).",Amazon
if you simply want a small flip phone -- look elsewhere as the extra bells & whistles are mediocre.,Amazon
Think it over when you plan to own this one!This sure is the last MOTO phone for me!,Amazon
After receiving and using the product for just 2 days it broke.,Amazon
None of the three sizes they sent with the headset would stay in my ears.,Amazon
We have tried 2 units and they both failed within 2 months.. Pros,Amazon
"Couldn't use the unit with sunglasses, not good in Texas!",Amazon
It dit not work most of the time with my Nokia 5320.,Amazon
"Bought mainly for the charger, which broke soon after purchasing.",Amazon
"stay away from this store, be careful.",Amazon
disappointing.,Amazon
The camera on the phone may be used as a dustpan when indoors... I'd rather be using a disposable then this.,Amazon
Then a few days later the a puff of smoke came out of the phone while in use.,Amazon
The nano stated it.My son was dissapointed.,Amazon
Would not reccommend.,Amazon
This particular model would not work with my Motorola Q smartphone.,Amazon
wont work right or atleast for me.,Amazon
in addition it feels &amp; looks as if the phone is all lightweight cheap plastic.,Amazon
"But now that it is ""out of warranty"" the same problems reoccure.Bottom line... put your money somewhere else... Cingular will not support it.",Amazon
"I really wanted the Plantronics 510 to be the right one, but it has too many issues for me.The good",Amazon
AFter the first charge kept going dead after 12 minutes.,Amazon
"VERY cheap plastic, creaks like an old wooden floor.",Amazon
"I get absolutely horrible reception in my apartment, where with other phones I have not had this problem.",Amazon
"After my phone got to be about a year old, it's been slowly breaking despite much care on my part.",Amazon
I am sorry I made this purchase.,Amazon
I bought these hoping I could make my Bluetooth headset fit better but these things made it impossible to wear.,Amazon
Treo and T-Mobile refused to replace it again and forced me to buy another phone without any kind of upgrade discount.,Amazon
It was horrible!.,Amazon
I don't think it would hold it too securly on your belt.,Amazon
This allows the possibility of double booking for the same date and time after the first.,Amazon
They work about 2 weeks then break.,Amazon
I can't use this case because the smell is disgusting.,Amazon
NOT WHAT I WANTED.,Amazon
"The internet access was fine, it the rare instance that it worked.",Amazon
$50 Down the drain.,Amazon
I tried talking real loud but shouting on the telephone gets old and I was still told it wasn't great.,Amazon
"If there is a wind, it is completely useless.",Amazon
Does Not Work.,Amazon
"At first I thought I was grtting a good deal at $7.44, until I plugged it into my phone (V3c Razr).",Amazon
Improper description.... I had to return it.,Amazon
Battery has no life.,Amazon
I checked everywhere and there is no feature for it which is really disappointing.,Amazon
Doesn't do the job.,Amazon
Awkward to use and unreliable.,Amazon
Not as good as I had hoped.,Amazon
Doesn't Work.,Amazon
Unfortunately it did not work.,Amazon
All three broke within two months of use.,Amazon
dont buy it.,Amazon
"My father has the V265, and the battery is dying.",Amazon
"However, the ear pads come off easily and after only one week I lost one.",Amazon
"The calls drop, the phone comes on and off at will, the screen goes black and the worst of all it stops ringing intermittently.",Amazon
"Horrible, horrible protector.",Amazon
I don't like this Nokia either.,Amazon
"Reaching for the bottom row is uncomfortable, and the send and end keys are not where I expect them to be.3.",Amazon
I have bought this Nokia cell phone a few weeks ago and it was a nightmare.,Amazon
It would take too long to describe how bad my customer service experience has been with Amazon.,Amazon
the only VERY DISAPPOINTING thing was there was NO SPEAKERPHONE!!!!,Amazon
Terrible.. My car will not accept this cassette.,Amazon
"Product is useless, since it does not have enough charging current to charge the 2 cellphones I was planning to use it with.",Amazon
It's not what it says it is.,Amazon
Stay Away From the Q!.,Amazon
Used and dirty.,Amazon
Very unreliable service from T-mobile !,Amazon
Not good enough for the price.,Amazon
I bought two of them and neither will charge.,Amazon
These products cover up the important light sensor above the ear outlet.,Amazon
Just does not work.,Amazon
Poor Reliability.,Amazon
"If I take a picture, the battery drops a bar, and starts beeping, letting me know its dieing.",Amazon
"Terrible product, and waste of money!",Amazon
Last time buying from you.,Amazon
It was a waste of my money.,Amazon
The item received was Counterfeit.,Amazon
This is by far the worst purchase I've made on Amazon.,Amazon
Does not work for listening to music with the cingular 8125.,Amazon
"The bottowm line...another worthless, cheap gimmick from Sprint.",Amazon
Having trouble with volume.,Amazon
WARNING - DO NOT BUY!!.,Amazon
"When it opens, the battery connection is broken and the device is turned off.",Amazon
"I didn't want the clip going over the top of my ear, causing discomfort.",Amazon
Don't trust their website and don't expect any helpful support.,Amazon
The speaker is of low quality so as making the ring tones sound very cheap.,Amazon
Bad Reception.,Amazon
This product is very High quality Chinese CRAP!!!!!!,Amazon
Don't buy this product - It fails!.,Amazon
Everything about this product is wrong.First,Amazon
"This was utterly confusing at first, which caused me to lose a couple of very, very important contacts.",Amazon
Terrible phone holder.,Amazon
Problem is that the ear loops are made of weak material and break easily.,Amazon
Not nearly as good looking as the AMAZON picture makes it look.,Amazon
How stupid is that?,Amazon
It always cuts out and makes a beep beep beep sound then says signal failed.,Amazon
Couldn't figure it out,Amazon
"My phone sounded OK ( not great - OK), but my wife's phone was almost totally unintelligible, she couldn't understand a word being said on it.",Amazon
So I had to take the battery out of the phone put it all back together and then restart it.,Amazon
"While I managed to bend the leaf spring back in place, the metal now has enough stress that it will break on the next drop.",Amazon
"Saggy, floppy piece of junk.",Amazon
It also had a new problem.,Amazon
It looses connection to the phone even when it is within a couple feet between the two.,Amazon
Makes it easier to keep up with my bluetooth when I'm not wearing it.,Amazon
As I said above....PRETTY USELESS!,Amazon
Never got it!!!!!,Amazon
This pair of headphones is the worst that I have ever had sound-wise.,Amazon
[...] down the drain because of a weak snap!,Amazon
Does not charge the Cingular (ATT) 8525 phone.,Amazon
"However, after about a year, the fliptop started to get loose and wobbly and eventually my screen went black and I couldn't receive and place calls.",Amazon
I kept catching the cable on the seat and I had to pull the phone out to turn it on an off.,Amazon
"The mic there is a joke, and the volume is quite low.",Amazon
I'm returning them.,Amazon
I does not maintain a connection with the computer while it is on my lap.,Amazon
I had to purchase a different case.,Amazon
Very much disappointed with this company.,Amazon
It didn't charge for me.,Amazon
Buttons are too small.,Amazon
"However, the keypads are so tinny that I sometimes reach the wrong buttons.",Amazon
I cannot make calls at certain places.,Amazon
"however, my girl was complain that some time the phone doesn't wake up like normal phone does.",Amazon
This company charge me a restocking fee and still not given me my refund back.,Amazon
I'm trying to return it for a refund.,Amazon
I plugged it in only to find out not a darn thing worked.,Amazon
Earbud piece breaks easily.,Amazon
Lousy product.,Amazon
This phone tries very hard to do everything but fails at it's very ability to be a phone.,Amazon
Not enough volume.,Amazon
Echo Problem....Very unsatisfactory,Amazon
you could only take 2 videos at a time and the quality was very poor.,Amazon
don't waste your money.,Amazon
I am going to have to be the first to negatively review this product.,Amazon
Adapter does not provide enough charging current.,Amazon
"There was so much hype over this phone that I assumed it was the best, my mistake.",Amazon
You also cannot take pictures with it in the case because the lense is covered.,Amazon
Phone falls out easily.,Amazon
"It didn't work, people can not hear me when I talk.",Amazon
The text messaging feature is really tricky to use.,Amazon
I'm really disappointed all I have now is a charger that doesn't work.,Amazon
Painful on the ear.,Amazon
Lasted one day and then blew up.,Amazon
disappointed.,Amazon
Kind of flops around.,Amazon
The screen does get smudged easily because it touches your ear and face.,Amazon
What a piece of junk.. I lose more calls on this phone.,Amazon
Item Does Not Match Picture.,Amazon
The only thing that disappoint me is the infra red port (irda).,Amazon
"You can not answer calls with the unit, never worked once!",Amazon
Crust is not good.,Yelp
Not tasty and the texture was just nasty.,Yelp
Now I am getting angry and I want my damn pho.,Yelp
Honeslty it didn't taste THAT fresh.),Yelp
The potatoes were like rubber and you could tell they had been made up ahead of time being kept under a warmer.,Yelp
Would not go back.,Yelp
The cashier had no care what so ever on what I had to say it still ended up being wayyy overpriced.,Yelp
I was disgusted because I was pretty sure that was human hair.,Yelp
I was shocked because no signs indicate cash only.,Yelp
Waitress was a little slow in service.,Yelp
"This place is not worth your time, let alone Vegas.",Yelp
did not like at all.,Yelp
The Burrittos Blah!,Yelp
- They never brought a salad we asked for.,Yelp
"Took an hour to get our food only 4 tables in restaurant my food was Luke warm, Our sever was running around like he was totally overwhelmed.",Yelp
The worst was the salmon sashimi.,Yelp
This was like the final blow!,Yelp
"seems like a good quick place to grab a bite of some familiar pub food, but do yourself a favor and look elsewhere.",Yelp
"Poor service, the waiter made me feel like I was stupid every time he came to the table.",Yelp
Service sucks.,Yelp
There is not a deal good enough that would drag me into that establishment again.,Yelp
Hard to judge whether these sides were good because we were grossed out by the melted styrofoam and didn't want to eat it for fear of getting sick.,Yelp
"Frozen pucks of disgust, with some of the worst people behind the register.",Yelp
It's too bad the food is so damn generic.,Yelp
"They have horrible attitudes towards customers, and talk down to each one when customers don't enjoy their food.",Yelp
The Heart Attack Grill in downtown Vegas is an absolutely flat-lined excuse for a restaurant.,Yelp
Not much seafood and like 5 strings of pasta at the bottom.,Yelp
"The ripped banana was not only ripped, but petrified and tasteless.",Yelp
At least think to refill my water before I struggle to wave you over for 10 minutes.,Yelp
We got the food and apparently they have never heard of salt and the batter on the fish was chewy.,Yelp
The service was meh.,Yelp
"It took over 30 min to get their milkshake, which was nothing more than chocolate milk.",Yelp
"I guess I should have known that this place would suck, because it is inside of the Excalibur, but I didn't use my common sense.",Yelp
The scallop dish is quite appalling for value as well.,Yelp
2 times - Very Bad Customer Service !,Yelp
There is so much good food in Vegas that I feel cheated for wasting an eating opportunity by going to Rice and Company.,Yelp
Coming here is like experiencing an underwhelming relationship where both parties can't wait for the other person to ask to break up.,Yelp
walked in and the place smelled like an old grease trap and only 2 others there eating.,Yelp
The turkey and roast beef were bland.,Yelp
The pan cakes everyone are raving about taste like a sugary disaster tailored to the palate of a six year old.,Yelp
The poor batter to meat ratio made the chicken tenders very unsatisfying.,Yelp
"In summary, this was a largely disappointing dining experience.",Yelp
"Never been to Hard Rock Casino before, WILL NEVER EVER STEP FORWARD IN IT AGAIN!",Yelp
say bye bye to your tip lady!,Yelp
We'll never go again.,Yelp
It was not good.,Yelp
"REAL sushi lovers, let's be honest - Yama is not that good.",Yelp
"At least 40min passed in between us ordering and the food arriving, and it wasn't that busy.",Yelp
It was pretty gross!,Yelp
I've had better atmosphere.,Yelp
Kind of hard to mess up a steak but they did.,Yelp
"Although I very much liked the look and sound of this place, the actual experience was a bit disappointing.",Yelp
I just don't know how this place managed to served the blandest food I have ever eaten when they are preparing Indian cuisine.,Yelp
"Worst service to boot, but that is the least of their worries.",Yelp
"Host staff were, for lack of a better word, BITCHES!",Yelp
Bland... Not a liking this place for a number of reasons and I don't want to waste time on bad reviewing.. I'll leave it at that...,Yelp
I wouldn't return.,Yelp
This place is way too overpriced for mediocre food.,Yelp
The management is rude.,Yelp
"He was extremely rude and really, there are so many other restaurants I would love to dine at during a weekend in Vegas.",Yelp
Don't do it!!!!,Yelp
The waiter wasn't helpful or friendly and rarely checked on us.,Yelp
My husband and I ate lunch here and were very disappointed with the food and service.,Yelp
And the red curry had so much bamboo shoots and wasn't very tasty to me.,Yelp
"The menu is always changing, food quality is going down & service is extremely slow.",Yelp
"The service was a little slow , considering that were served by 3 people servers so the food was coming in a slow pace.",Yelp
I give it 2 thumbs down,Yelp
We watched our waiter pay a lot more attention to other tables and ignore us.,Yelp
We waited for forty five minutes in vain.,Yelp
Crostini that came with the salad was stale.,Yelp
"Unfortunately, we must have hit the bakery on leftover day because everything we ordered was STALE.",Yelp
I came back today since they relocated and still not impressed.,Yelp
Avoid at all cost!,Yelp
So don't go there if you are looking for good food...,Yelp
I've never been treated so bad.,Yelp
We also ordered the spinach and avocado salad; the ingredients were sad and the dressing literally had zero taste.,Yelp
"Perhaps I caught them on an off night judging by the other reviews, but I'm not inspired to go back.",Yelp
The service here leaves a lot to be desired.,Yelp
We literally sat there for 20 minutes with no one asking to take our order.,Yelp
"The burger had absolutely no flavor - the meat itself was totally bland, the burger was overcooked and there was no charcoal flavor.",Yelp
I also decided not to send it back because our waitress looked like she was on the verge of having a heart attack.,Yelp
I dressed up to be treated so rudely!,Yelp
It was probably dirt.,Yelp
"The food sucked, which we expected but it sucked more than we could have imagined.",Yelp
"When my order arrived, one of the gyros was missing.",Yelp
I'm not really sure how Joey's was voted best hot dog in the Valley by readers of Phoenix Magazine.,Yelp
The live music on Fridays totally blows.,Yelp
I've never been more insulted or felt disrespected.,Yelp
The warm beer didn't help.,Yelp
I've lived here since 1979 and this was the first (and last) time I've stepped foot into this place.,Yelp
The WORST EXPERIENCE EVER.,Yelp
Must have been an off night at this place.,Yelp
"If that bug never showed up I would have given a 4 for sure, but on the other side of the wall where this bug was climbing was the kitchen.",Yelp
"For about 10 minutes, we we're waiting for her salad when we realized that it wasn't coming any time soon.",Yelp
Won't go back.,Yelp
Soggy and not good.,Yelp
Which are small and not worth the price.,Yelp
"The shower area is outside so you can only rinse, not take a full shower, unless you don't mind being nude for everyone to see!",Yelp
The service was a bit lacking.,Yelp
"Lobster Bisque, Bussell Sprouts, Risotto, Filet ALL needed salt and pepper..and of course there is none at the tables.",Yelp
Hopefully this bodes for them going out of business and someone who can cook can come in.,Yelp
"It was either too cold, not enough flavor or just bad.",Yelp
"As for the ""mains,"" also uninspired.",Yelp
"If the food isn't bad enough for you, then enjoy dealing with the world's worst/annoying drunk people.",Yelp
"Ordered a double cheeseburger & got a single patty that was falling apart (picture uploaded) Yeah, still sucks.",Yelp
"If it were possible to give them zero stars, they'd have it.",Yelp
"The descriptions said ""yum yum sauce"" and another said ""eel sauce"", yet another said ""spicy mayo""...well NONE of the rolls had sauces on them.",Yelp
If she had not rolled the eyes we may have stayed... Not sure if we will go back and try it again.,Yelp
Horrible - don't waste your time and money.,Yelp
By this time our side of the restaurant was almost empty so there was no excuse.,Yelp
"(It wasn't busy either) Also, the building was FREEZING cold.",Yelp
"like the other reviewer said ""you couldn't pay me to eat at this place again.""",Yelp
-Drinks took close to 30 minutes to come out at one point.,Yelp
Based on the sub-par service I received and no effort to show their gratitude for my business I won't be going back.,Yelp
There is nothing privileged about working/eating there.,Yelp
"Overall, I don't think that I would take my parents to this place again because they made most of the similar complaints that I silently felt too.",Yelp
I as well would've given godfathers zero stars if possible.,Yelp
very tough and very short on flavor!,Yelp
"I have been in more than a few bars in Vegas, and do not ever recall being charged for tap water.",Yelp
"The service was not up to par, either.",Yelp
"For a self proclaimed coffee cafe, I was wildly disappointed.",Yelp
"I've had better, not only from dedicated boba tea spots, but even from Jenni Pho.",Yelp
I think not again,Yelp
I had the mac salad and it was pretty bland so I will not be getting that again.,Yelp
Service stinks here!,Yelp
I waited and waited.,Yelp
"This place is not quality sushi, it is not a quality restaurant.",Yelp
Things that went wrong: - They burned the saganaki.,Yelp
We waited an hour for what was a breakfast I could have done 100 times better at home.,Yelp
"I hate to disagree with my fellow Yelpers, but my husband and I were so disappointed with this place.",Yelp
Waited 2 hours & never got either of our pizzas as many other around us who came in later did!,Yelp
Just don't know why they were so slow.,Yelp
"I live in the neighborhood so I am disappointed I won't be back here, because it is a convenient location.",Yelp
Before I go in to why I gave a 1 star rating please know that this was my third time eating at Bachi burger before writing a review.,Yelp
Never again will I be dining at this place!,Yelp
Please stay away from the shrimp stir fried noodles.,Yelp
The potato chip order was sad... I could probably count how many chips were in that box and it was probably around 12.,Yelp
Food was really boring.,Yelp
This greedy corporation will NEVER see another dime from me!,Yelp
"Will never, ever go back.",Yelp
"As much as I'd like to go back, I can't get passed the atrocious service and will never return.",Yelp
She ordered a toasted English muffin that came out untoasted.,Yelp
Never going back.,Yelp
The bus boy on the other hand was so rude.,Yelp
"By this point, my friends and I had basically figured out this place was a joke and didn't mind making it publicly and loudly known.",Yelp
The only downside is the service.,Yelp
"Also, the fries are without a doubt the worst fries I've ever had.",Yelp
"I go to far too many places and I've never seen any restaurant that serves a 1 egg breakfast, especially for $4.00.",Yelp
When my mom and I got home she immediately got sick and she only had a few bites of salad.,Yelp
The servers are not pleasant to deal with and they don't always honor Pizza Hut coupons.,Yelp
Everything was gross.,Yelp
First - the bathrooms at this location were dirty- Seat covers were not replenished & just plain yucky!!!,Yelp
"The burger... I got the ""Gold Standard"" a $17 burger and was kind of disappointed.",Yelp
There is nothing authentic about this place.,Yelp
the spaghetti is nothing special whatsoever.,Yelp
The selection was probably the worst I've seen in Vegas.....there was none.,Yelp
We sat another ten minutes and finally gave up and left.,Yelp
He was terrible!,Yelp
It shouldn't take 30 min for pancakes and eggs.,Yelp
"Sadly, Gordon Ramsey's Steak is a place we shall sharply avoid during our next trip to Vegas.",Yelp
The buffet is small and all the food they offered was BLAND.,Yelp
Definitely a turn off for me & i doubt I'll be back unless someone else is buying.,Yelp
"I find wasting food to be despicable, but this just wasn't food.",Yelp
My wife had the Lobster Bisque soup which was lukewarm.,Yelp
I left with a stomach ache and felt sick the rest of the day.,Yelp
They dropped more than the ball.,Yelp
And the beans and rice were mediocre at best.,Yelp
I took back my money and got outta there.,Yelp
RUDE & INCONSIDERATE MANAGEMENT.,Yelp
"The staff are now not as friendly, the wait times for being served are horrible, no one even says hi for the first 10 minutes.",Yelp
I won't be back.,Yelp
The food was terrible.,Yelp
WILL NEVER EVER GO BACK AND HAVE TOLD MANY PEOPLE WHAT HAD HAPPENED.,Yelp
I don't recommend unless your car breaks down in front of it and you are starving.,Yelp
This place deserves one star and 90% has to do with the food.,Yelp
This is a disgrace.,Yelp
I'm probably one of the few people to ever go to Ians and not like it.,Yelp
This one is simply a disappointment.,Yelp
"Overall, I was very disappointed with the quality of food at Bouchon.",Yelp
I don't have to be an accountant to know I'm getting screwed!,Yelp
Left very frustrated.,Yelp
TOTAL WASTE OF TIME.,Yelp
"For service, I give them no stars.",Yelp
I can take a little bad service but the food sucks.,Yelp
Gave up trying to eat any of the crust (teeth still sore).,Yelp
But now I was completely grossed out.,Yelp
"On the ground, right next to our table was a large, smeared, been-stepped-in-and-tracked-everywhere pile of green bird poop.",Yelp
"Furthermore, you can't even find hours of operation on the website!",Yelp
We've tried to like this place but after 10+ times I think we're done with them.,Yelp
What a mistake that was!,Yelp
Waiter was a jerk.,Yelp
"Strike 2, who wants to be rushed.",Yelp
I never come again.,Yelp
Ordered an appetizer and took 40 minutes and then the pizza another 10 minutes.,Yelp
It was a huge awkward 1.5lb piece of cow that was 3/4ths gristle and fat.,Yelp
I'll take my business dinner dollars elsewhere.,Yelp
Nothing special.,Yelp
Will not be back.,Yelp
Sauce was tasteless.,Yelp
I don't think we'll be going back anytime soon.,Yelp
I am far from a sushi connoisseur but I can definitely tell the difference between good food and bad food and this was certainly bad food.,Yelp
I was so insulted.,Yelp
The last 3 times I had lunch here has been bad.,Yelp
The chicken wings contained the driest chicken meat I have ever eaten.,Yelp
Definitely not worth the $3 I paid.,Yelp
The manager was the worst.,Yelp
I don't think I'll be running back to Carly's anytime soon for food.,Yelp
"This is was due to the fact that it took 20 minutes to be acknowledged, then another 35 minutes to get our food...and they kept forgetting things.",Yelp
The one down note is the ventilation could use some upgrading.,Yelp
Don't waste your time here.,Yelp
"Total letdown, I would much rather just go to the Camelback Flower Shop and Cartel Coffee.",Yelp
"Third, the cheese on my friend's burger was cold.",Yelp
We asked for the bill to leave without eating and they didn't bring that either.,Yelp
Seafood was limited to boiled shrimp and crab legs but the crab legs definitely did not taste fresh.,Yelp
The selection of food was not the best.,Yelp
I dont think I will be back for a very long time.,Yelp
"It was attached to a gas station, and that is rarely a good sign.",Yelp
"Worse of all, he humiliated his worker right in front of me..Bunch of horrible name callings.",Yelp
And then tragedy struck.,Yelp
"I'd rather eat airline food, seriously.",Yelp
I would not recommend this place.,Yelp
Overall I wasn't very impressed with Noca.,Yelp
My gyro was basically lettuce only.,Yelp
Terrible service!,Yelp
Thoroughly disappointed!,Yelp
it was a drive to get there.,Yelp
"Anyway, I do not think i will go back there.",Yelp
"A greasy, unhealthy meal.",Yelp
first time there and might just be the last.,Yelp
"Similarly, the delivery man did not say a word of apology when our food was 45 minutes late.",Yelp
And it was way to expensive.,Yelp
Terrible management.,Yelp
If there were zero stars I would give it zero stars.,Yelp
Worst martini ever!,Yelp
We waited for thirty minutes to be seated (although there were 8 vacant tables and we were the only folks waiting).,Yelp
I won't try going back there even if it's empty.,Yelp
"No, I'm going to eat the potato that I found some strangers hair in it.",Yelp
"not even a ""hello, we will be right with you.""",Yelp
The desserts were a bit strange.,Yelp
I guess maybe we went on an off night but it was disgraceful.,Yelp
"However, my recent experience at this particular location was not so good.",Yelp
"I know this is not like the other restaurants at all, something is very off here!",Yelp
AVOID THIS ESTABLISHMENT!,Yelp
I think this restaurant suffers from not trying hard enough.,Yelp
My salad had a bland vinegrette on the baby greens and hearts of Palm.,Yelp
After two I felt disgusting.,Yelp
I will never go back to this place and will never ever recommended this place to anyone!,Yelp
"The servers went back and forth several times, not even so much as an ""Are you being helped?""",Yelp
AN HOUR... seriously?,Yelp
I consider this theft.,Yelp
Eew... This location needs a complete overhaul.,Yelp
We recently witnessed her poor quality of management towards other guests as well.,Yelp
Waited and waited and waited.,Yelp
"The pizza tasted old, super chewy in not a good way.",Yelp
I swung in to give them a try but was deeply disappointed.,Yelp
Boy was that sucker dry!!.,Yelp
Over rated.,Yelp
"If you look for authentic Thai food, go else where.",Yelp
After I pulled up my car I waited for another 15 minutes before being acknowledged.,Yelp
I hate those things as much as cheap quality black olives.,Yelp
The kids play area is NASTY!,Yelp
"It was extremely ""crumby"" and pretty tasteless.",Yelp
It was a pale color instead of nice and char and has NO flavor.,Yelp
I got home to see the driest damn wings ever!,Yelp
Not good for the money.,Yelp
"We got sitting fairly fast, but, ended up waiting 40 minutes just to place our order, another 30 minutes before the food arrived.",Yelp
I just wanted to leave.,Yelp
I will not be eating there again.,Yelp
!....THE OWNERS REALLY REALLY need to quit being soooooo cheap let them wrap my freaking sandwich in two papers not one!,Yelp
I checked out this place a couple years ago and was not impressed.,Yelp
"The chicken I got was definitely reheated and was only ok, the wedges were cold and soggy.",Yelp
"Sorry, I will not be getting food from here anytime soon :(",Yelp
My friend did not like his Bloody Mary.,Yelp
"Despite how hard I rate businesses, its actually rare for me to give a 1 star.",Yelp
I will not return.,Yelp
I had the chicken Pho and it tasted very bland.,Yelp
Very disappointing!!!,Yelp
"a drive thru means you do not want to wait around for half an hour for your food, but somehow when we end up going here they make us wait and wait.",Yelp
Best of luck to the rude and non-customer service focused new management.,Yelp
Any grandmother can make a roasted chicken better than this one.,Yelp
I asked multiple times for the wine list and after some time of being ignored I went to the hostess and got one myself.,Yelp
"Same evening, him and I are both drastically sick.",Yelp
Ordered burger rare came in we'll done.,Yelp
Tried to go here for lunch and it was a madhouse.,Yelp
"After waiting an hour and being seated, I was not in the greatest of moods.",Yelp
I'm not eating here!,Yelp
Maybe if they weren't cold they would have been somewhat edible.,Yelp
This place has a lot of promise but fails to deliver.,Yelp
Very bad Experience!,Yelp
What a mistake.,Yelp
Food was average at best.,Yelp
We won't be going back anytime soon!,Yelp
Very Very Disappointed ordered the $35 Big Bay Plater.,Yelp
"Not much flavor to them, and very poorly constructed.",Yelp
The fried rice was dry as well.,Yelp
Google mediocre and I imagine Smashburger will pop up.,Yelp
dont go here.,Yelp
As a sushi lover avoid this place by all means.,Yelp
The plantains were the worst I've ever tasted.,Yelp
Service was slow and not attentive.,Yelp
Your staff spends more time talking to themselves than me.,Yelp
Total brunch fail.,Yelp
"I probably won't be back, to be honest.",Yelp
Went for lunch - service was slow.,Yelp
"We had so much to say about the place before we walked in that he expected it to be amazing, but was quickly disappointed.",Yelp
I was mortified.,Yelp
"Needless to say, we will never be back here again.",Yelp
"Anyways, The food was definitely not filling at all, and for the price you pay you should expect more.",Yelp
"The chips that came out were dripping with grease, and mostly not edible.",Yelp
I wasn't really impressed with Strip Steak.,Yelp
I work in the hospitality industry in Paradise Valley and have refrained from recommending Cibo any longer.,Yelp
Would not recommend to others.,Yelp
"I mean really, how do you get so famous for your fish and chips when it's so terrible!?!",Yelp
Not my thing.,Yelp
If you are reading this please don't go there.,Yelp
Tonight I had the Elk Filet special...and it sucked.,Yelp
We ordered some old classics and some new dishes after going there a few times and were sorely disappointed with everything.,Yelp
A FLY was in my apple juice.. A FLY!!!!!!!!,Yelp
"The food was barely lukewarm, so it must have been sitting waiting for the server to bring it out to us.",Yelp
Ryan's Bar is definitely one Edinburgh establishment I won't be revisiting.,Yelp
"Probably never coming back, and wouldn't recommend it.",Yelp
"Friend's pasta -- also bad, he barely touched it.",Yelp
It was way over fried.,Yelp
I'm not sure how long we stood there but it was long enough for me to begin to feel awkwardly out of place.,Yelp
"When I opened the sandwich, I was impressed, but not in a good way.",Yelp
Will not be back!,Yelp
"I have watched their prices inflate, portions get smaller and management attitudes grow rapidly!",Yelp
"Main thing I didn't enjoy is that the crowd is of older crowd, around mid 30s and up.",Yelp
I had to wait over 30 minutes to get my drink and longer to get 2 arepas.,Yelp
The service was poor and thats being nice.,Yelp
The place was not clean and the food oh so stale!,Yelp
"The chicken dishes are OK, the beef is like shoe leather.",Yelp
But the service was beyond bad.,Yelp
Tasted like dirt.,Yelp
My sashimi was poor quality being soggy and tasteless.,Yelp
"the food is not tasty at all, not to say its ""real traditional Hunan style"".",Yelp
"What did bother me, was the slow service.",Yelp
Their frozen margaritas are WAY too sugary for my taste.,Yelp
So in a nutshell: 1) The restaraunt smells like a combination of a dirty fish market and a sewer.,Yelp
My girlfriend's veal was very bad.,Yelp
"Unfortunately, it was not good.",Yelp
Bland and flavorless is a good way of describing the barely tepid meat.,Yelp
"The chains, which I'm no fan of, beat this place easily.",Yelp
We will not be coming back.,Yelp
Once your food arrives it's meh.,Yelp
Paying $7.85 for a hot dog and fries that looks like it came out of a kid's meal at the Wienerschnitzel is not my idea of a good meal.,Yelp
"My brother in law who works at the mall ate here same day, and guess what he was sick all night too.",Yelp
Mediocre food.,Yelp
I'm super pissd.,Yelp
Why are these sad little vegetables so overcooked?,Yelp
"I had high hopes for this place since the burgers are cooked over a charcoal grill, but unfortunately the taste fell flat, way flat.",Yelp
Not a single employee came out to see if we were OK or even needed a water refill once they finally served us our food.,Yelp
The server was very negligent of our needs and made us feel very unwelcome... I would not suggest this place!,Yelp
The service was terrible though.,Yelp
"This place is overpriced, not consistent with their boba, and it really is OVERPRICED!",Yelp
It was packed!!,Yelp
It kept getting worse and worse so now I'm officially done.,Yelp
This place should honestly be blown up.,Yelp
But I definitely would not eat here again.,Yelp
Do not waste your money here!,Yelp
Awful service.,Yelp
Won't ever go here again.,Yelp
Food quality has been horrible.,Yelp
For that price I can think of a few place I would have much rather gone.,Yelp
The service here is fair at best.,Yelp
"I do love sushi, but I found Kabuki to be over-priced, over-hip and under-services.",Yelp
Do yourself a favor and stay away from this dish.,Yelp
Very poor service.,Yelp
No one at the table thought the food was above average or worth the wait that we had for it.,Yelp
I paid the bill but did not tip because I felt the server did a terrible job.,Yelp
I have never had such bland food which surprised me considering the article we read focused so much on their spices and flavor.,Yelp
Food is way overpriced and portions are fucking small.,Yelp
"for 40 bucks a head, i really expect better food.",Yelp
We could not believe how dirty the oysters were!,Yelp
This place deserves no stars.,Yelp
"To my disbelief, each dish qualified as the worst version of these foods I have ever tasted.",Yelp
"Bad day or not, I have a very low tolerance for rude customer service people, it is your job to be nice and polite, wash dishes otherwise!!",Yelp
I probably would not go here again.,Yelp
"The Wife hated her meal (coconut shrimp), and our friends really did not enjoy their meals, either.",Yelp
My fella got the huevos rancheros and they didn't look too appealing.,Yelp
I probably won't be coming back here.,Yelp
Worst food/service I've had in a while.,Yelp
"Hot dishes are not hot, cold dishes are close to room temp.I watched staff prepare food with BARE HANDS, no gloves.Everything is deep fried in oil.",Yelp
The feel of the dining room was more college cooking course than high class dining and the service was slow at best.,Yelp
"I started this review with two stars, but I'm editing it to give it only one.",Yelp
this is the worst sushi i have ever eat besides Costco's.,Yelp
Weird vibe from owners.,Yelp
There was hardly any meat.,Yelp
I've had better bagels from the grocery store.,Yelp
"Now the burgers aren't as good, the pizza which used to be amazing is doughy and flavorless.",Yelp
I found a six inch long piece of wire in my salsa.,Yelp
"The service was terrible, food was mediocre.",Yelp
I ordered Albondigas soup - which was just warm - and tasted like tomato soup with frozen meatballs.,Yelp
"On three different occasions I asked for well done or medium well, and all three times I got the bloodiest piece of meat on my plate.",Yelp
I had about two bites and refused to eat anymore.,Yelp
The service was extremely slow.,Yelp
"After 20 minutes wait, I got a table.",Yelp
"No allergy warnings on the menu, and the waitress had absolutely no clue as to which meals did or did not contain peanuts.",Yelp
Pricing is a bit of a concern at Mellow Mushroom.,Yelp
Worst Thai ever.,Yelp
Highly unprofessional and rude to a loyal patron!,Yelp
Spend your money elsewhere.,Yelp
The Buffet at Bellagio was far from what I anticipated.,Yelp
"And the drinks are WEAK, people!",Yelp
-My order was not correct.,Yelp
"Also, I feel like the chips are bought, not made in house.",Yelp
After the disappointing dinner we went elsewhere for dessert.,Yelp
We won't be returning.,Yelp
I seriously cannot believe that the owner has so many unexperienced employees that all are running around like chickens with their heads cut off.,Yelp
"Very, very sad.",Yelp
"i felt insulted and disrespected, how could you talk and judge another human being like that?",Yelp
"How can you call yourself a steakhouse if you can't properly cook a steak, I don't understand!",Yelp
I'm not impressed with the concept or the food.,Yelp
The only thing I wasn't too crazy about was their guacamole as I don't like it puréed.,Yelp
"There is really nothing for me at postinos, hope your experience is better",Yelp
I got food poisoning here at the buffet.,Yelp
They brought a fresh batch of fries and I was thinking yay something warm but no!,Yelp
"What SHOULD have been a hilarious, yummy Christmas Eve dinner to remember was the biggest fail of the entire trip for us.",Yelp
"Needless to say, I won't be going back anytime soon.",Yelp
This place is disgusting!,Yelp
The RI style calamari was a joke.,Yelp
"However, there was so much garlic in the fondue, it was barely edible.",Yelp
"I could barely stomach the meal, but didn't complain because it was a business lunch.",Yelp
"It was so bad, I had lost the heart to finish it.",Yelp
It also took her forever to bring us the check when we asked for it.,Yelp
We aren't ones to make a scene at restaurants but I just don't get it...definitely lost the love after this one!,Yelp
Disappointing experience.,Yelp
"The food is about on par with Denny's, which is to say, not good at all.",Yelp
"If you want to wait for mediocre food and downright terrible service, then this is the place for you.",Yelp
WAAAAAAyyyyyyyyyy over rated is all I am saying.,Yelp
We won't be going back.,Yelp
The place was fairly clean but the food simply wasn't worth it.,Yelp
This place lacked style!!,Yelp
"The sangria was about half of a glass wine full and was $12, ridiculous.",Yelp
Don't bother coming here.,Yelp
"The meat was pretty dry, I had the sliced brisket and pulled pork.",Yelp
"The building itself seems pretty neat; the bathroom is pretty trippy, but I wouldn't eat here again.",Yelp
It was equally awful.,Yelp
Probably not in a hurry to go back.,Yelp
very slow at seating even with reservation.,Yelp
Not good by any stretch of the imagination.,Yelp
The cashew cream sauce was bland and the vegetables were undercooked.,Yelp
"The chipolte ranch dipping sause was tasteless, seemed thin and watered down with no heat.",Yelp
"It was a bit too sweet, not really spicy enough, and lacked flavor.",Yelp
I was VERY disappointed!!,Yelp
This place is horrible and way overpriced.,Yelp
"Maybe it's just their Vegetarian fare, but I've been twice and I thought it was average at best.",Yelp
It wasn't busy at all and now we know why.,Yelp
The tables outside are also dirty a lot of the time and the workers are not always friendly and helpful with the menu.,Yelp
"The ambiance here did not feel like a buffet setting, but more of a douchey indoor garden for tea and biscuits.",Yelp
Con: spotty service.,Yelp
"The fries were not hot, and neither was my burger.",Yelp
But then they came back cold.,Yelp
"Then our food came out, disappointment ensued.",Yelp
The real disappointment was our waiter.,Yelp
My husband said she was very rude... did not even apologize for the bad food or anything.,Yelp
The only reason to eat here would be to fill up before a night of binge drinking just to get some carbs in your stomach.,Yelp
"Insults, profound deuchebaggery, and had to go outside for a smoke break while serving just to solidify it.",Yelp
If someone orders two tacos don't' you think it may be part of customer service to ask if it is combo or ala cart?,Yelp
She was quite disappointed although some blame needs to be placed at her door.,Yelp
After all the rave reviews I couldn't wait to eat here......what a disappointment!,Yelp
Del Taco is pretty nasty and should be avoided if possible.,Yelp
It's NOT hard to make a decent hamburger.,Yelp
But I don't like it.,Yelp
Hell no will I go back,Yelp
We've have gotten a much better service from the pizza place next door than the services we received from this restaurant.,Yelp
"I don't know what the big deal is about this place, but I won't be back ""ya'all"".",Yelp
I immediately said I wanted to talk to the manager but I did not want to talk to the guy who was doing shots of fireball behind the bar.,Yelp
The ambiance isn't much better.,Yelp
"Unfortunately, it only set us up for disapppointment with our entrees.",Yelp
The food wasn't good.,Yelp
"Your servers suck, wait, correction, our server Heimer sucked.",Yelp
What happened next was pretty....off putting.,Yelp
"too bad cause I know it's family owned, I really wanted to like this place.",Yelp
Overpriced for what you are getting.,Yelp
I vomited in the bathroom mid lunch.,Yelp
"I kept looking at the time and it had soon become 35 minutes, yet still no food.",Yelp
"I have been to very few places to eat that under no circumstances would I ever return to, and this tops the list.",Yelp
We started with the tuna sashimi which was brownish in color and obviously wasn't fresh.,Yelp
Food was below average.,Yelp
It sure does beat the nachos at the movies but I would expect a little bit more coming from a restaurant.,Yelp
"All in all, Ha Long Bay was a bit of a flop.",Yelp
The problem I have is that they charge $11.99 for a sandwich that is no bigger than a Subway sub (which offers better and more amount of vegetables).,Yelp
Shrimp- When I unwrapped it (I live only 1/2 a mile from Brushfire) it was literally ice cold.,Yelp
"It lacked flavor, seemed undercooked, and dry.",Yelp
It really is impressive that the place hasn't closed down.,Yelp
I would avoid this place if you are staying in the Mirage.,Yelp
The refried beans that came with my meal were dried out and crusty and the food was bland.,Yelp
Spend your money and time some place else.,Yelp
A lady at the table next to us found a live green caterpillar In her salad.,Yelp
the presentation of the food was awful.,Yelp
I can't tell you how disappointed I was.,Yelp
I think food should have flavor and texture and both were lacking.,Yelp
Appetite instantly gone.,Yelp
Overall I was not impressed and would not go back.,Yelp
"The whole experience was underwhelming, and I think we'll just go to Ninja Sushi next time.",Yelp
"Then, as if I hadn't wasted enough of my life there, they poured salt in the wound by drawing out the time it took to bring the check.",Yelp
